{"schemaVersion":"1.0","appDefinitionTemplate":{"id":"/providers/Microsoft.PowerApps/apps/","type":"Microsoft.PowerApps/apps","tags":{"primaryDeviceWidth":"1366","primaryDeviceHeight":"768","sienaVersion":"20210701T233713Z-3.21063.34.0","deviceCapabilities":"","supportsPortrait":"true","supportsLandscape":"true","primaryFormFactor":"Tablet","publisherVersion":"3.21063.34","minimumRequiredApiVersion":"2.2.0","hasComponent":"false","hasUnlockedComponent":"false","isUnifiedRootApp":"false"},"properties":{"appVersion":"2021-07-01T23:37:13Z","lifeCycleId":"Published","createdByClientVersion":{"major":3,"minor":21063,"build":34,"revision":0,"majorRevision":0,"minorRevision":0},"minClientVersion":{"major":3,"minor":21063,"build":34,"revision":0,"majorRevision":0,"minorRevision":0},"backgroundColor":"rgba(0, 176, 240, 1)","backgroundImageUri":"/14933073482101108161/N2f844d9c-3320-406c-93e3-78d92baca96a-logoSmallFile","displayName":"Validador CPFeCNPJ","description":"","commitMessage":"","appUris":{"documentUri":{"value":"/14933073482101108161/Ndd6b0e27-9461-4065-b127-f9693cb9de35-document.msapp"},"imageUris":[]},"createdTime":"0001-01-01T00:00:00Z","lastModifiedTime":"0001-01-01T00:00:00Z","sharedGroupsCount":0,"sharedUsersCount":0,"icons":{"smallIconUri":"/14933073482101108161/N17277483-2f4f-4390-b177-bf86f7a95dde-small.png","mediumIconUri":"/14933073482101108161/N03bcdaa6-1d4a-4d48-8d94-202a0996d82c-medium.png","largeIconUri":"/14933073482101108161/Nca0ac8ea-af6e-479e-8104-eca9b4030126-large.png","wideIconUri":"/14933073482101108161/N7050594b-6f8a-4b35-bbf3-f6bdc583274f-wide.png"},"connectionReferences":{},"databaseReferences":{},"almMode":"Environment","performanceOptimizationEnabled":true,"canConsumeAppPass":true,"executionRestrictions":{"isTeamsOnly":false,"dataLossPreventionEvaluationResult":{"status":"Compliant","lastEvaluationDate":"2021-07-01T23:37:23.5514923Z","violations":[],"violationsByPolicy":[],"violationErrorMessage":"O aplicativo usa os seguintes conectores: ."}}},"appType":"ClassicCanvasApp","appComponents":[]}}